"FeatureName,KO - CD8a+ Log2 Fold Change,TG - CD8a+ Log2 Fold Chang,Symbol,GeneName,TimeCourse_Cluster,WT_control_Rep1,Batf_cKO_Rep1,Batf_f/f_Rep1,Irf4_f/f_Rep1,Irf4_cKO_Rep1,WT_control_Rep2,Batf_cKO_Rep2,Batf_f/f_Rep2,Irf4_f/f_Rep2,Irf4_cKO_Rep2,WT_Day0_Rep1,WT_Day0_Rep2,WT_Day0_Rep3,WT_Day1_Rep1,WT_Day1_Rep2,WT_Day1_Rep3,WT_Day2_Rep1,WT_Day2_Rep2,WT_Day2_Rep3,WT_Day3_Rep1,WT_Day3_Rep2,WT_Day3_Rep3,WT_Day4_Rep1,WT_Day4_Rep2,WT_Day4_Rep3,WT_Day5_Rep1,WT_Day5_Rep2,WT_Day5_Rep3,WT_Day6_Rep1,WT_Day6_Rep2,WT_Day6_Rep3,WT_Day6_Act_Rep1,WT_Day6_Act_Rep2,WT_Day6_Act_Rep"
"['Serpine2', '7.853312782', '-7.85331278', 'Serpine2', 'serine (or cysteine) peptidase inhibitor. clade E. member 2', '2', '110.43', '32.73', '96.29', '142.89', '141.93', '150.6', '42.89', '128.31', '113.28', '165.95', '40.2', '31.2', '33.1', '96.6', '170.4', '275', '304.6', '484.6', '932.8', '368.8', '433.9', '647.6', '302.3', '289.6', '459.3', '295.7', '299.6', '664.9', '289.9', '337.1', '406.7', '136.7', '185.8', '22']"
"['Lag3', '4.468179836', '-4.46817983', 'Lag3', 'lymphocyte-activation gene 3', '1', '2050.11', '2549.72', '2220.66', '2149.56', '1892.21', '2172.2', '2239.08', '1969.96', '1928.07', '1820.49', '44.4', '128.8', '247.7', '491.7', '918.7', '691.6', '1136.4', '1589.7', '1335.8', '1256.8', '2219.4', '1464.1', '692', '1083.1', '927.3', '332.9', '689.3', '601.9', '205.5', '457.5', '443.8', '1148.9', '2673.3', '209']"
"['Havcr2', '4.095270336', '-4.09527033', 'Havcr2', 'hepatitis A virus cellular receptor 2', '1', '1846.12', '1184.34', '1197.69', '1706.14', '1036.62', '1830.94', '1181.63', '1165.81', '1846.04', '1044.94', '2.6', '18.5', '50.7', '32.5', '93.2', '120.3', '50.9', '69.1', '67', '50.3', '70.8', '95.2', '48.2', '62.4', '83.6', '54.3', '61.3', '88.2', '39.1', '60.7', '105.7', '1014.2', '1790.9', '192']"
"['Rgs16', '4.273848436', '-4.27384843', 'Rgs16', 'regulator of G-protein signaling 16', '1', '52.35', '29.19', '68.4', '82.8', '80.83', '61.75', '31.42', '71.45', '104.89', '134.65', '11.9', '31.8', '70.7', '1578', '2011', '2119.6', '1317.2', '1350.3', '1360.9', '157.6', '284', '172.2', '192.3', '212.3', '123.7', '70.6', '132.9', '63.3', '20.1', '44.9', '30.1', '5532', '7155.9', '6452.']"
"['Cnih2', '5.469281971', '-5.46928197', 'Cnih2', 'cornichon family AMPA receptor auxiliary protein 2', '1', '16.91', '3.24', '19.95', '3.38', '8.33', '16.15', '11.92', '16.33', '6.74', '5.85', '4.8', '6.6', '3.9', '80.6', '78', '73.4', '42.7', '67.5', '45.6', '39.4', '40', '19.6', '20.8', '17.5', '10.1', '20.7', '19', '8.5', '18.4', '5.7', '13', '81.4', '73.9', '67.']"
"['Prf1', '3.801924608', '-3.80192460', 'Prf1', 'perforin 1 (pore forming protein)', '1', '4233.93', '6118.05', '4145.52', '4075.92', '4120.66', '4364.29', '5528.27', '4212.51', '4017.5', '3901.88', '1205.1', '1193.4', '1272.6', '857.2', '1362.6', '1498.2', '553.8', '706.3', '1291.4', '211.1', '237.2', '334.7', '158.6', '138.1', '166.3', '115.9', '84.5', '134.1', '144.2', '91.6', '139.8', '480.2', '738.1', '1443.']"
"['Bnip3', '4.236274132', '-4.23627413', 'Bnip3', 'BCL2/adenovirus E1B interacting protein 3', '3', '59.99', '36.54', '34.52', '45.54', '27.82', '40.82', '53.77', '36.37', '49.19', '36.55', '82.6', '66.1', '76.4', '115.1', '188.3', '113.7', '2050.4', '2009.6', '1092.3', '2420.6', '3882.9', '3048.9', '680.7', '1040.4', '927.4', '550', '561.9', '455.8', '734.8', '922.1', '889.9', '341.6', '349', '464.']"
"['Zbtb32', '4.093370803', '-4.09337080', 'Zbtb32', 'zinc finger and BTB domain containing 32', '1', '2052.67', '1330.5', '1623.92', '1765.94', '1404.21', '1925.51', '1234.89', '1618.3', '1864.68', '1364.97', '18.4', '41.5', '29.3', '798.2', '1655.3', '1503.6', '2535.8', '3816.2', '4025', '751.6', '1146.4', '1184.5', '496.1', '855.2', '828.2', '349.9', '643.2', '671.1', '275.8', '530', '595.9', '10270.3', '14177.6', '13311.']"
"['Ccl4', '6.989646285', '-6.98964628', 'Ccl4', 'chemokine (C-C motif) ligand 4', '1', '339.87', '553.44', '540.51', '407.25', '641.64', '405.65', '520', '507.3', '431.1', '629.34', '32.1', '94.3', '183.3', '3030.4', '5069.8', '5344.1', '1984.8', '2003.7', '2437.5', '135.1', '126.9', '85.1', '121.9', '147.4', '97.4', '45.2', '104.4', '46.3', '30.2', '75.4', '26', '27311.7', '35432.9', '34241.']"
"['Tg', '4.942618111', '-4.94261811', 'Tg', 'thyroglobulin', '3', '160.51', '79.04', '121.24', '119.43', '87.61', '164.42', '63.72', '118.93', '102.17', '65.51', '3.8', '10', '12.3', '92.3', '99.5', '109.8', '854.4', '1025.7', '913.5', '629.6', '1130.5', '1136.6', '104.9', '187.9', '170.4', '50.8', '48.3', '37.5', '28.2', '40.8', '34', '43.2', '40', '3']"
"['Alcam', '4.215143965', '-4.21514396', 'Alcam', 'activated leukocyte cell adhesion molecule', '1', '902.87', '279.32', '439.58', '732.38', '593.37', '770.42', '301.1', '405.63', '803.59', '595.38', '48.4', '91.4', '116.6', '558.4', '840.7', '924.9', '715', '903.9', '989.5', '540.6', '1027.4', '961.9', '475.9', '748.2', '785.8', '334.9', '570.4', '600.8', '282.5', '572.9', '483.2', '2649.6', '3719.6', '3952.']"
"['Slc2a3', '3.345874261', '-3.34587426', 'Slc2a3', 'solute carrier family 2 (facilitated glucose transporter). member 3', '3', '3011.92', '2214.91', '2537.97', '3194.33', '2679.84', '2867.82', '2591.43', '2232.46', '2862.48', '2971.01', '1185.5', '1310.4', '1152.8', '966.5', '1202.1', '1018.5', '5844.1', '5654.2', '2996', '4346.3', '8110.8', '5504.5', '2082.6', '2527.3', '2087.5', '1433.5', '1809', '1726.3', '1586.4', '1884.5', '1583.9', '2794.9', '3209.9', '2819.']"
"['Sv2c', '3.99176576', '-3.9917657', 'Sv2c', 'synaptic vesicle glycoprotein 2c', '4', '70.62', '37.86', '21.71', '24.63', '24.6', '74.88', '30.45', '26.22', '65.22', '75.79', '18.5', '20.2', '23.8', '4.7', '8.5', '6.3', '9.1', '34', '61.3', '21.5', '95.2', '56.6', '21.8', '70.5', '83.5', '35.6', '56.2', '37.7', '12', '58.6', '36.2', '4.4', '21.2', '22.']"
"['Sema7a', '4.655094035', '-4.65509403', 'Sema7a', 'sema domain. immunoglobulin domain (Ig). and GPI membrane anchor. (semaphorin) 7A', '1', '613.71', '710.17', '742.85', '579.62', '597.47', '620.35', '751.84', '769.62', '593.72', '510.3', '22.6', '28.5', '30.1', '1826.1', '2105.9', '2175.3', '1116.1', '1268.3', '1260.3', '260.9', '326.9', '255.4', '159.6', '144.3', '127.8', '119.6', '73.1', '61.4', '84.7', '60.1', '47.1', '5941.1', '6192.8', '5686.']"
"['Mt1', '2.932601753', '-2.93260175', 'Mt1', 'metallothionein 1', '1', '341.48', '233.48', '222.28', '335.44', '166.66', '356.25', '199.33', '177.61', '331.02', '94.64', '48.7', '102', '166.3', '100.7', '94', '152.9', '212.4', '156.8', '262.4', '306.8', '515.3', '660.6', '154.6', '227.8', '285', '154.5', '208.8', '285.2', '209.6', '298.7', '364.9', '443.1', '596.8', '741.']"
"['Fam20a', '4.255950182', '-4.25595018', 'Fam20a', 'family with sequence similarity 20. member A', '1', '81.71', '12.94', '32.43', '57.51', '51.49', '105.4', '17.16', '15.74', '54.71', '45.88', '0.8', '1.9', '4.5', '52.5', '23.8', '41.7', '20.5', '21', '16.2', '28.8', '9.3', '11', '24.7', '38.6', '34.2', '71.1', '50.4', '82.7', '82.9', '131.6', '132.8', '59.5', '64.3', '124.']"
"['Gimap7', '2.588724393', '-2.58872439', 'Gimap7', 'GTPase. IMAP family member 7', '4', '5031.16', '7210.42', '6373.16', '5522.06', '5799.02', '5137.33', '7167.26', '6489.92', '6000.68', '5646.92', '903.3', '904.3', '1039.4', '905.8', '674.4', '660.4', '1462.1', '1380.3', '1073.5', '2937.8', '3098.3', '3083.4', '2994.1', '2909.8', '2815.2', '2626.3', '2831.2', '2753.4', '3009.5', '3030.9', '2817.3', '354.7', '263.5', '27']"
"['Camk2n1', '2.696058842', '-2.69605884', 'Camk2n1', 'calcium/calmodulin-dependent protein kinase II inhibitor 1', '5', '23.36', '20.54', '14.25', '18.59', '19.17', '12.35', '23.83', '12.25', '19.25', '26.34', '109.3', '96.5', '103.4', '42.1', '25.4', '17.7', '19', '24.9', '18.7', '85.4', '96.6', '93.9', '53.5', '50.5', '81.1', '59.3', '45.6', '79.3', '47', '51.5', '72.3', '100', '109.8', '126.']"
"['Myo10', '3.398148794', '-3.39814879', 'Myo10', 'myosin X', '1', '118.6', '25.75', '69.15', '110.68', '115.07', '57.28', '62.77', '68.38', '182.19', '129.42', '20', '29.5', '17.9', '137.7', '201.9', '186.7', '178.4', '250.2', '238.4', '101.1', '168.9', '121.4', '45', '90.9', '119.1', '123', '115.2', '53.2', '104.3', '118.4', '191.3', '2105.1', '2274.7', '2137.']"
"['Gpr65', '3.023174465', '-3.02317446', 'Gpr65', 'G-protein coupled receptor 65', '1', '1037.34', '940.41', '1111.42', '1031.65', '1159.12', '1023.15', '952.25', '1130.96', '1100.84', '1088.9', '959.1', '1045.3', '1004.2', '860', '958.5', '1221.5', '1661.4', '2062.9', '2157.5', '592.1', '670.5', '671.3', '570.9', '478.2', '522.3', '673.4', '596.1', '544.1', '692.6', '615.5', '655.1', '2456.8', '2560', '2517.']"
"['Ankrd37', '3.186135518', '-3.18613551', 'Ankrd37', 'ankyrin repeat domain 37', '3', '57.92', '54.12', '57.1', '65.57', '60.34', '63.7', '82.59', '91.24', '60.04', '63.29', '55.8', '49.9', '43.9', '51.7', '39.8', '53.1', '228.2', '213.7', '132.8', '465.4', '600.1', '396.2', '129.2', '175.4', '135.6', '93.7', '98.8', '63.5', '72.1', '136.6', '101.3', '117.1', '118.4', '110.']"
"['Gm8369', '2.434153747', '-2.43415374', 'Gm8369', 'predicted gene 8369', '4', '1689.6', '2068.88', '1922.3', '1952.53', '2404.5', '1810.18', '2365.51', '1999.36', '1698.76', '2455.4', '846.8', '859.5', '793.4', '656.7', '430.8', '348.8', '572.6', '428.9', '350', '1694', '1241.5', '972.9', '1465.1', '1322.5', '1183.3', '1309.9', '1172.3', '997.8', '1061.3', '902.2', '826.8', '415.6', '345.4', '313.']"
"['Tmem163', '2.514827423', '-2.51482742', 'Tmem163', 'transmembrane protein 163', '1', '372.95', '166.23', '200.04', '318.39', '168.25', '280.23', '176.88', '296.95', '323.41', '202.84', '4.1', '24.8', '49.2', '41.7', '61.3', '53.9', '16.6', '34.7', '68', '29.9', '66.1', '90.2', '28.5', '72.6', '105.4', '92.5', '102.9', '123.6', '111.1', '106.7', '165.5', '89.4', '83.5', '171.']"
"['Tnip3', '4.312312624', '-4.31231262', 'Tnip3', 'TNFAIP3 interacting protein 3', '1', '84.43', '28.25', '34.45', '33.89', '97.64', '26.32', '37.2', '32.61', '74.07', '58.9', '4.8', '9.3', '17.7', '21.8', '35.9', '36.1', '127.7', '452.1', '432.1', '70', '104.4', '84', '50.4', '85.1', '71.6', '45.9', '57.2', '36', '16.4', '23.8', '32.4', '120.6', '461.8', '387.']"
"['Ccl3', '6.87436981', '-6.8743698', 'Ccl3', 'chemokine (C-C motif) ligand 3', '1', '139.33', '158.9', '152.94', '248.41', '296.65', '170.05', '140.83', '170.46', '177.06', '258.56', '22.6', '63.6', '133.5', '3440.7', '6507.6', '7298.4', '2063.5', '2108.6', '2916.7', '129.5', '147.4', '108.6', '180.4', '176.2', '85.2', '54.6', '105.4', '41.6', '21.8', '44.9', '27.6', '15684', '20697.1', '19356.']"
"['Slc37a2', '3.35586899', '-3.3558689', 'Slc37a2', 'solute carrier family 37 (glycerol-3-phosphate transporter). member 2', '5', '20.13', '30.38', '15.06', '23.99', '59.56', '15.56', '33.93', '34.28', '12.89', '57.16', '46.8', '59.8', '61', '28.2', '42.7', '50.5', '25', '33.8', '38.8', '52.1', '55.4', '57.8', '34.3', '34.2', '42.4', '37.6', '27.7', '55.8', '42.8', '35.5', '45.6', '20.4', '18.4', '26.']"
"['Runx2', '2.283279082', '-2.28327908', 'Runx2', 'runt related transcription factor 2', '1', '2506.74', '1912.41', '2150.8', '2113.76', '2603.27', '1974.21', '2003.41', '2149.22', '2424.71', '2417.51', '218.3', '311.1', '464.7', '223.5', '348.5', '518.4', '319.8', '403.8', '628.5', '541.5', '378.8', '526.6', '307.2', '371', '784.4', '574.2', '485.2', '679.1', '648.5', '563.9', '546.2', '3529.3', '3804.1', '3535.']"
"['Csf1', '3.225244555', '-3.22524455', 'Csf1', 'colony stimulating factor 1 (macrophage)', '4', '14.29', '1.99', '8.19', '0.37', '6.6', '7.92', '6.77', '5.63', '12.58', '13.32', '17.3', '24.8', '66.1', '7.1', '11.4', '13.4', '14.1', '19.5', '11.5', '9.7', '11', '13.9', '32.6', '14.9', '26.3', '37.3', '30.3', '35.8', '52.1', '68.8', '122.5', '28.4', '21.5', '54.']"
"['Tpi1', '2.138117186', '-2.13811718', 'Tpi1', 'triosephosphate isomerase 1', '3', '6364.11', '4020.76', '4523.59', '5636.28', '3945.29', '6345.86', '3756.37', '4796.76', '5645.87', '4085.61', '604', '648.3', '772.3', '5191.7', '6229.2', '5720.7', '17341.2', '18918.4', '15921.4', '13108', '16608', '16019.9', '6002.7', '7082.5', '6827.4', '4809.4', '4356.8', '4578', '5675.4', '5768.9', '5971', '6245.2', '6186.7', '5990.']"
"['Sat1', '2.234365945', '-2.23436594', 'Sat1', 'spermidine/spermine N1-acetyl transferase 1', '1', '752.3', '987.71', '912.27', '986.06', '1015.38', '784.66', '1021.99', '952.42', '793.6', '1066.12', '1116.9', '1301.7', '1160.9', '624.4', '695.6', '786.2', '966.7', '1117.8', '1089', '804.3', '815.8', '656.6', '651.7', '624.2', '621.6', '593.2', '680.2', '622.4', '530.9', '594.7', '588.8', '952.3', '919.2', '864.']"
"['Gzmb', '2.233870735', '-2.23387073', 'Gzmb', 'granzyme B', '1', '69285.2', '59522.38', '57484.42', '61666.01', '35362.68', '69982.48', '61978.83', '57897.2', '63751.71', '35582.36', '115.3', '283', '354.8', '36371.8', '48301.1', '57014.2', '71459', '98556.7', '109717.2', '14220.2', '20429.3', '20413.5', '9937.8', '10225.5', '10561.9', '12201.1', '10285.9', '11277.7', '16805.6', '15512.4', '18790.3', '119040.1', '139614', '158143.']"
"['Kcnk7', '3.09176155', '-3.0917615', 'Kcnk7', 'potassium channel. subfamily K. member 7', '2', '93.43', '58.37', '49.4', '73.51', '62.5', '96.9', '66.08', '53.08', '51', '65.37', '4.8', '8.8', '5.2', '11', '16', '19.4', '57.8', '43.6', '43.6', '25.3', '51.7', '35.2', '22.8', '19.6', '15.2', '34.8', '26.6', '23.6', '30.2', '22.9', '30.9', '25.8', '19.6', '22.']"
"['Cdkn1a', '2.471405143', '-2.47140514', 'Cdkn1a', 'cyclin-dependent kinase inhibitor 1A (P21)', '1', '195.46', '109.1', '124.16', '183.41', '70.84', '215.42', '91.12', '113.62', '130.81', '76.45', '5.2', '11', '13.7', '107.9', '222.9', '401.5', '941', '1484.5', '1637.6', '466.6', '889.6', '990.7', '384.2', '360.6', '501.3', '450.9', '474.9', '624.7', '435', '518.8', '711', '3273.5', '3881.1', '4562.']"
"['AA465934', '2.685286064', '-2.68528606', 'AA465934', 'expressed sequence AA465934', '', '18.25', '11.59', '13.52', '17.28', '9.51', '8.39', '13.46', '14.47', '10.64', '8.09', '22.7', '23.9', '21.9', '23.2', '19.1', '33.3', '13.6', '18.5', '11.7', '20.1', '40.6', '27', '26.2', '24.8', '25.6', '24.3', '26.1', '19.4', '38.5', '19.7', '25.6', '29.4', '36.2', '22.']"
"['Sdcbp2', '2.334255177', '-2.33425517', 'Sdcbp2', 'syndecan binding protein (syntenin) 2', '4', '624.18', '421.56', '471.17', '496.82', '483.31', '680.2', '401.92', '446.05', '499.42', '428.34', '36.8', '63.6', '70.7', '25.6', '29.1', '23', '47.4', '78.9', '58.1', '73.2', '79.1', '77.3', '57.5', '88.6', '66.9', '37.7', '60.7', '51.9', '28.5', '37.2', '39', '36.1', '46.7', '31.']"
"['Cd7', '-3.529180248', '3.52918024', 'Cd7', 'CD7 antigen', '5', '1882.55', '1053.11', '1254.25', '2463.78', '2366.85', '2181.72', '935.75', '1317.11', '2184.41', '2289.85', '1108.6', '1101.8', '1467.7', '90.7', '42', '81.8', '7.4', '6.1', '15.2', '287.3', '175.4', '135.4', '368.4', '288.7', '290.2', '532.8', '588.7', '501.3', '513.9', '647', '573.8', '94.6', '104', '96.']"
"['Ramp1', '-5.073145377', '5.07314537', 'Ramp1', 'receptor (calcitonin) activity modifying protein 1', '5', '19.02', '41.19', '47.71', '11.24', '15.92', '46.21', '60.66', '40.98', '8.36', '30.22', '392.6', '369.3', '337.3', '124.2', '67.9', '68.9', '45.7', '32.6', '33.4', '103.1', '126.8', '82.9', '75.6', '48.6', '35.4', '43.8', '29', '19', '14.6', '26.3', '20.1', '5.4', '8.1', '5.']"
"['Spsb1', '-4.504089267', '4.50408926', 'Spsb1', 'splA/ryanodine receptor domain and SOCS box containing 1', '5', '10.58', '15.45', '8.78', '2.54', '4.17', '12.51', '8.15', '55.82', '4.7', '7.34', '136.6', '83.5', '83.8', '35.9', '51.6', '59.5', '13', '12.9', '16.1', '19.4', '7.7', '10.5', '5', '10.8', '2.1', '7.3', '3.7', '9.3', '3.4', '3.8', '4.1', '0.6', '23.7', '']"
"['Trim12a', '-8.107910795', '8.10791079', 'Trim12a', 'tripartite motif-containing 12A', '5', '1309.01', '2342.55', '1969.65', '1449.57', '2253.75', '1369.51', '2423.19', '1926.79', '1369.75', '2209.69', '2857.1', '3027.5', '2729.6', '924.2', '527.7', '581', '936.7', '589.7', '514.4', '2309.7', '1412.2', '1358.8', '2340.6', '1804', '1840.7', '2019.8', '1767.1', '1733.3', '2004.3', '1715.4', '1665.1', '673.6', '739.8', '71']"
"['Atp1b1', '-6.239155328', '6.23915532', 'Atp1b1', 'ATPase. Na+/K+ transporting. beta 1 polypeptide', '5', '358.61', '1427.4', '562.11', '132.65', '250.96', '292.29', '1248.87', '646.81', '292.37', '261.54', '1120.2', '980.8', '945.5', '548.8', '378.8', '447.2', '256.1', '202.4', '230.3', '436.8', '198.7', '137.7', '531.9', '309.9', '277.2', '483.6', '377', '216', '364.3', '214.2', '121.3', '240.9', '132.4', '8']"
"['Igsf23', '-5.300555873', '5.30055587', 'Igsf23', 'immunoglobulin superfamily. member 23', '5', '21.75', '101.61', '28.5', '9.29', '16.67', '22.8', '65', '29.6', '29.83', '18.54', '26.1', '25.2', '10.5', '27.5', '17.9', '21.2', '61.6', '42.6', '18.7', '117.3', '93.7', '64.6', '39.6', '36.1', '28.4', '28.3', '15.2', '14.2', '15.9', '13.4', '7.3', '10.3', '4.3', '']"
"['1810006J02Rik', '-4.937985793', '4.93798579', '1810006J02Rik', 'RIKEN cDNA 1810006J02 gene', '5', '10.14', '17.36', '26.54', '6.03', '8.01', '13.61', '18.07', '52.67', '5.3', '8.73', '104.2', '71.5', '98.4', '42.3', '27.1', '35.2', '1.6', '6.1', '9', '4.9', '3', '8', '7.4', '0.3', '8', '4.9', '2.7', '12.2', '6.3', '5.8', '7.6', '7.6', '6.2', '1.']"
"['Lyn', '-4.246108089', '4.24610808', 'Lyn', 'LYN proto-oncogene. Src family tyrosine kinase', '5', '133.04', '86.33', '82.78', '102.94', '61.27', '130.66', '63.73', '95.34', '82.86', '87.45', '76.2', '88', '139', '15', '25.1', '60', '8.3', '9.7', '36.3', '41.6', '30.5', '60.3', '32.1', '35.4', '55.1', '17.9', '22.9', '45.9', '16.5', '23', '37.4', '8.2', '4.4', '5.']"
"['Klra7', '-6.745340715', '6.74534071', 'Klra7', 'killer cell lectin-like receptor. subfamily A. member 7', '5', '4.51', '6.02', '4.94', '6.66', '10.35', '8.82', '6.27', '10.63', '6.12', '1.1', '61', '74.9', '155.6', '21.4', '18.3', '51.9', '24', '12.3', '49.7', '35.9', '22.3', '79.8', '22.3', '8', '50.7', '22.2', '14.1', '44.7', '12.5', '5.6', '40.8', '5', '1.1', '14.']"
"['Gpr15', '-5.83107059', '5.8310705', 'Gpr15', 'G protein-coupled receptor 15', '5', '11.28', '15.13', '21.85', '16.9', '16.67', '17.1', '13', '27.56', '19.25', '18.54', '87.9', '45', '91.6', '13.7', '1.9', '7.1', '0.9', '0', '3.1', '3.8', '2', '3.9', '13.9', '9.3', '13.2', '14.1', '12.3', '18.9', '19.3', '5.7', '17.9', '3.1', '2.2', '']"
"['Cebpb', '-2.513959511', '2.51395951', 'Cebpb', 'CCAAT/enhancer binding protein (C/EBP). beta', '1', '164.3', '96.2', '137.74', '132.65', '103.33', '137.75', '119.17', '128.61', '102.96', '89.77', '140.2', '152.5', '138.8', '163', '145.7', '131.7', '279.7', '304.3', '267.6', '114.5', '93.7', '144.8', '104.1', '107.2', '105.5', '83.8', '85.4', '67.1', '75.5', '71.6', '79.6', '353.5', '335.9', '376.']"
"['Nt5e', '-3.264931963', '3.26493196', 'Nt5e', ""5' nucleotidase. ecto"", '5', '253.91', '471.43', '378.84', '110.92', '103.59', '254.19', '574.26', '434.34', '155.7', '116.23', '766', '775.7', '847.4', '277.7', '146.3', '227.6', '110.1', '51.6', '77.1', '174.1', '126.8', '133.9', '202.5', '82.7', '92.7', '228', '88.6', '141.4', '321.9', '174.2', '210.6', '67.4', '15.1', '32.']"
"['Tmem176b', '-4.743074109', '4.74307410', 'Tmem176b', 'transmembrane protein 176B', '5', '61.78', '67.6', '28.17', '32.22', '24.74', '33.13', '55.85', '50.06', '23.97', '21.26', '158.2', '194.5', '297.2', '39.3', '53.3', '113', '27.6', '24.3', '59.7', '51', '47.3', '60.6', '66', '70', '84.5', '63.9', '87.2', '70.8', '76.4', '128', '115', '26.7', '41.1', '5']"
"['5830411N06Rik', '-7.41603309', '7.4160330', '5830411N06Rik', 'RIKEN cDNA 5830411N06 gene', '5', '78.35', '248.08', '89.84', '29.66', '28.42', '81.34', '218.4', '66.54', '30.05', '35.23', '180.2', '105.2', '224.1', '14.7', '3.8', '8.9', '2.9', '3.2', '4.2', '15.2', '3.9', '14.8', '22.4', '15.7', '19.7', '29.6', '17.4', '27.8', '13.5', '6.1', '15.7', '6.2', '5.5', '9.']"
"['Pygl', '-4.563590279', '4.56359027', 'Pygl', 'liver glycogen phosphorylase', '3', '21.56', '13.91', '9.61', '17.5', '23.29', '56.71', '18.63', '9.71', '19.92', '10.82', '41.4', '52.4', '90.2', '35.1', '13.6', '25.1', '48.1', '35.8', '59.5', '280.9', '581.6', '365.1', '125.6', '211.1', '104.8', '40.5', '65.4', '64.3', '40.7', '90.3', '115.3', '34', '33.2', '39.']"
"['Pakap', '-4.263081167', '4.26308116', 'Pakap', 'paralemmin A kinase anchor protein', '', '50.98', '90.47', '58.26', '142.77', '93.14', '104.3', '93.22', '84.81', '63.77', '67.38', '150.5', '210.5', '119.9', '60.7', '98.9', '124', '64.1', '151', '80.8', '71.3', '99.5', '21.9', '163.2', '153.4', '84', '60.7', '109.1', '0', '85.2', '17.7', '50.7', '63.5', '0', '79.']"
"['Trf', '-5.300555873', '5.30055587', 'Trf', 'transferrin', '5', '11.72', '5.78', '10.28', '6.39', '3.96', '10.8', '0', '11.33', '9.9', '0', '6.1', '25.9', '65.3', '0', '4.4', '4.6', '2', '2.5', '11.6', '13.4', '11.7', '8.2', '2', '10.6', '8.8', '8.7', '4.9', '8.9', '3.3', '4.9', '5.3', '6.2', '3.4', '10.']"
"['Fcer1g', '-4.005749121', '4.00574912', 'Fcer1g', 'Fc receptor. IgE. high affinity I. gamma polypeptide', '5', '41.08', '45.31', '32.3', '18.59', '35', '54.16', '54.17', '39.81', '29.83', '22.44', '41.3', '64.7', '88', '8.2', '11.9', '28.8', '2.5', '8.5', '12.2', '10.2', '4.4', '41.7', '2.7', '8.3', '24.8', '11.1', '16.2', '19.7', '9.8', '18.4', '23.8', '1.9', '3.9', '15.']"
"['Bmyc', '-3.114142749', '3.11414274', 'Bmyc', 'brain expressed myelocytomatosis oncogene', '3', '45.91', '33.51', '38', '49.01', '42.5', '58.9', '17.33', '43.89', '72.17', '40', '177.1', '110.8', '132.2', '196.9', '170.1', '167.1', '197.2', '201.5', '167', '125.7', '132.7', '115.5', '89.2', '64.9', '91.3', '74.4', '82.6', '64.2', '98.1', '98.3', '87', '82.4', '65.2', '6']"
"['Ier5l', '-2.486254885', '2.48625488', 'Ier5l', 'immediate early response 5-like', '3', '7.25', '9.73', '6.65', '5.07', '1.67', '5.7', '9.75', '6.12', '3.85', '9.76', '4.8', '9.9', '14.4', '8.2', '10.3', '12.4', '48.4', '31.2', '29', '45', '79.1', '63.6', '33.7', '57.7', '51.7', '17.9', '31.3', '43.4', '24.3', '26.7', '29.3', '7.2', '12', '10.']"
"['Tmem176a', '-4.374556454', '4.37455645', 'Tmem176a', 'transmembrane protein 176A', '5', '51.69', '60.4', '60.98', '51.88', '35.34', '38.38', '67.29', '37.69', '58.76', '32.06', '91.7', '99.5', '226.5', '24.8', '18', '85.3', '15.7', '11.5', '30.2', '60.4', '36.3', '36.9', '57.8', '49.2', '71', '57.3', '59', '87.5', '70', '145.8', '110.3', '37.9', '67.8', '43.']"
"['Trim30d', '-5.522948294', '5.52294829', 'Trim30d', 'tripartite motif-containing 30D', '3', '443.97', '934.84', '857.5', '502.51', '679.62', '509.7', '955.35', '797.89', '507.87', '661.09', '589.9', '710.1', '528', '334.9', '276.3', '249.7', '1352.5', '1027.1', '862.9', '1452.2', '1031.8', '907', '1212.6', '1017.4', '948.4', '845.2', '836.9', '691.6', '651', '613.9', '562', '561.5', '1142', '1133.']"
"['Tyrobp', '-4.838975788', '4.83897578', 'Tyrobp', 'TYRO protein tyrosine kinase binding protein', '5', '56.38', '58.37', '50.35', '37.18', '35.83', '65.55', '56.33', '38.79', '43.3', '37.08', '40.4', '60.3', '171.5', '5.5', '16', '27.4', '2.8', '3.1', '17.6', '3.8', '4.9', '9.8', '2', '8.2', '16.2', '2.8', '6.6', '12.3', '5', '7.6', '5.7', '0', '3.3', '']"
"['Rgs10', '-2.437166916', '2.43716691', 'Rgs10', 'regulator of G-protein signalling 10', '4', '630.38', '1013.03', '816.15', '721.64', '913.7', '564.42', '906.57', '879.35', '703.05', '960.65', '914.2', '1230.1', '830.8', '517.4', '262.5', '344.2', '318.6', '164.5', '135.7', '841.6', '724.2', '601.9', '1046.6', '920.1', '907.9', '1140.5', '1223.5', '1267.2', '1164.3', '1064.1', '1138.3', '337.8', '337.4', '298.']"
"['Tcf7', '-2.477729542', '2.47772954', 'Tcf7', 'transcription factor 7. T cell specific', '5', '13778.08', '25058.97', '22358.62', '16020.99', '28150.98', '14353.54', '24670.46', '22807.41', '16158.04', '27793.69', '19687.9', '18828.2', '17144.2', '6905.2', '5658.2', '5138.7', '3371.5', '2826.1', '2852.5', '17328.5', '12217.1', '10717.7', '17856', '16909.9', '16024.2', '14941.4', '15655.2', '14186.2', '10706.4', '11917.8', '10757.4', '4930.6', '3578.8', '3393.']"
"['Trat1', '-3.367670069', '3.36767006', 'Trat1', 'T cell receptor associated transmembrane adaptor 1', '5', '47.52', '111.34', '94.04', '63.37', '73.33', '59.85', '133.25', '80.64', '76.02', '39.03', '248.4', '255.6', '222.6', '55.9', '54.5', '58.3', '117.6', '117.4', '92.3', '137.9', '110.3', '89.1', '126.9', '145.3', '121.7', '107.4', '131.9', '125.6', '78.8', '122.2', '108.9', '138.1', '173.9', '143.']"
"['Samd3', '-3.185078655', '3.18507865', 'Samd3', 'sterile alpha motif domain containing 3', '5', '159.62', '605.83', '398.4', '205.22', '454.29', '157.53', '599.23', '432.67', '209.75', '477.67', '329.4', '468.5', '662.4', '83.8', '141.4', '206.6', '74.9', '36.3', '96', '127.4', '88', '168.4', '155.2', '63.1', '149.4', '216.7', '100.8', '161.3', '253.2', '158.7', '206', '13.5', '5.5', '15.']"
"['Itgae', '-2.945075218', '2.94507521', 'Itgae', 'integrin alpha E. epithelial-associated', '5', '193.36', '85.35', '118.78', '154.6', '48.31', '207.2', '64.99', '140.84', '180.05', '65.37', '1584.9', '1658', '1693.6', '366.1', '242.2', '284.3', '17.1', '13.5', '13.5', '123.7', '81.1', '95', '187.3', '226.7', '269.7', '189.4', '304.5', '305.2', '98.9', '201.4', '186', '29.9', '52.3', '62.']"
"['Ldlrad4', '-3.087562149', '3.08756214', 'Ldlrad4', 'low density lipoprotein receptor class A domain containing 4', '5', '72.49', '103.77', '83.59', '53.23', '108.33', '49.4', '106.17', '105.13', '80.83', '123.92', '243.6', '204', '200.3', '68.7', '49.8', '48.6', '17.1', '13.5', '3.1', '81.6', '53.7', '45', '96.1', '57.7', '56.8', '78.2', '71.2', '74.6', '83', '55.4', '65.8', '20.6', '10.9', '6.']"
"['Gas7', '-3.876058044', '3.87605804', 'Gas7', 'growth arrest specific 7', '5', '211.64', '198.02', '100.74', '222.66', '253.84', '174.69', '243.25', '170.11', '177.63', '258.77', '189.6', '252.4', '479.4', '57.6', '64.2', '110.5', '32.7', '9.5', '34.3', '31', '9.9', '53.9', '35.6', '16.6', '45.2', '67.2', '65.4', '51.9', '54.9', '45.1', '90.8', '12', '14.8', '9.']"
"['Cdh1', '-3.393665277', '3.39366527', 'Cdh1', 'cadherin 1', '5', '12.25', '10.9', '4.25', '8.63', '3.73', '6.37', '9.13', '10.96', '9.47', '7.28', '71.7', '87.6', '106.8', '7', '11.8', '22.9', '5', '0', '9.4', '8', '12.6', '3.5', '4.2', '6.1', '12', '20', '9.2', '35.6', '85.3', '38.1', '72.7', '80.6', '43.4', '5']"
"['Dhrs3', '-4.83107059', '4.8310705', 'Dhrs3', 'dehydrogenase/reductase (SDR family) member 3', '5', '5.67', '5.5', '9.48', '11.95', '7.49', '2.12', '1.75', '4.08', '13.79', '4.36', '13.1', '9.1', '41.8', '0.5', '1.1', '8.3', '4', '1.2', '6.1', '8.8', '6.2', '10.1', '11.6', '19.9', '19.9', '4.5', '6.3', '9.1', '0.6', '5.7', '4.1', '0', '2.6', '5.']"
"['Nrarp', '-2.519196159', '2.51919615', 'Nrarp', 'Notch-regulated ankyrin repeat protein', '4', '321.35', '312.39', '344.83', '325.3', '330.82', '330.6', '334.75', '318.46', '356.04', '310.28', '112.9', '86.7', '150.6', '76', '60.1', '46.8', '49.3', '30.1', '40.5', '42.2', '45.9', '56.8', '87.2', '54.6', '60.9', '141.3', '85.4', '82.2', '177.8', '120.2', '103.2', '49.5', '5.4', '19.']"
"['Lmna', '-2.05559748', '2.0555974', 'Lmna', 'lamin A', '1', '59.41', '106.87', '44.08', '119.09', '99.1', '78.22', '85.96', '56.14', '82.02', '91.13', '137.6', '105', '169.7', '38.9', '33.1', '58.4', '25.9', '48.8', '118.3', '72.9', '83', '95.4', '37.4', '36.3', '72.6', '27.2', '40', '53.4', '31.1', '69.9', '91.3', '90', '174.8', '248.']"
"['Tns1', '-4.130630871', '4.13063087', 'Tns1', 'tensin 1', '1', '492.42', '1036.97', '1038.84', '378.35', '559.69', '445.74', '1143.03', '809.93', '350.8', '802.5', '179.7', '190.4', '141.3', '1071.2', '767.5', '754.9', '680.3', '509.5', '457.5', '763.5', '721.6', '509.7', '584', '528.8', '497', '393.7', '410.4', '373.9', '386', '381.2', '341.8', '1639.2', '1905.7', '1650.']"
"['Patj', '-4.393665277', '4.39366527', 'Patj', 'PATJ. crumbs cell polarity complex component', '5', '277.54', '438.06', '382.5', '265.46', '526.75', '252.92', '499.7', '447.59', '364.86', '456.98', '1094', '1141.2', '937.2', '686.7', '558', '543.9', '467.4', '363.7', '257.6', '979.6', '804.3', '651.7', '954.1', '537', '555.9', '510.4', '529.1', '490', '430', '446.5', '456.5', '258.8', '272.1', '227.']"
"['Klra6', '-5.094104995', '5.09410499', 'Klra6', 'killer cell lectin-like receptor. subfamily A. member 6', '5', '0', '2.16', '2.85', '0', '0', '0', '0', '1.02', '0', '2.93', '15.5', '20.8', '32.7', '7.3', '5.6', '8.8', '8.5', '6.2', '9.3', '11.3', '8.8', '10.8', '6.9', '4.1', '15.2', '6.6', '6.6', '28.3', '6.7', '2.9', '17.9', '0', '0', '2.']"
"['Car2', '-2.90823845', '2.9082384', 'Car2', 'carbonic anhydrase 2', '5', '43.39', '123.88', '74.44', '27.31', '14.69', '44.67', '115.66', '72.99', '40.53', '31.54', '645.4', '691', '1267.3', '45.5', '73.2', '132.1', '18.8', '28.6', '52.3', '16.6', '20.9', '39', '24.5', '44.5', '46.7', '26.8', '44.4', '51.1', '37.3', '55', '23.1', '71.4', '59.8', '67.']"
"['Elmsan1', '-1.986447282', '1.98644728', 'Elmsan1', 'ELM2 and Myb/SANT-like domain containing 1', '5', '976.18', '1052.23', '961.55', '873.59', '998.25', '934.97', '1000.22', '1022.26', '906.2', '1122.03', '2539.7', '2461.9', '2125.4', '1604.2', '1346.7', '1041.7', '887.7', '901.5', '841.2', '1199.7', '870.1', '997.7', '1340.3', '1129.1', '1170.5', '1345.5', '1336.4', '1506.7', '1266', '1202.9', '1379.5', '926.8', '924.6', '898.']"
"['Ikzf2', '-2.088038995', '2.08803899', 'Ikzf2', 'IKAROS family zinc finger 2', '4', '376.38', '595.37', '276.53', '332.42', '965.85', '280.17', '339.71', '375.4', '615.41', '582.08', '320.4', '525.8', '479.4', '297.3', '437.1', '553.6', '276.9', '361.9', '262.8', '808.6', '1367.4', '944', '1211.3', '1641.3', '1458.8', '504.1', '1499.2', '1021.8', '313.5', '1043.3', '637.7', '26.2', '117.5', '49.']"
"['Tubb2a', '-2.567839752', '2.56783975', 'Tubb2a', 'tubulin. beta 2A class IIA', '3', '302.02', '155.65', '205.19', '197.71', '155.83', '234.65', '197.17', '184.75', '229.98', '176.6', '229.4', '228.1', '178.1', '331.5', '468.9', '414.5', '455.2', '490.3', '477.1', '279.6', '271.3', '271.1', '217.1', '184.5', '180.5', '192.1', '154.7', '178.5', '166.9', '133.6', '179.6', '124.7', '128.3', '122.']"
"['Klra1', '-7.300555873', '7.30055587', 'Klra1', 'killer cell lectin-like receptor. subfamily A. member 1', '5', '9.85', '1.89', '1.66', '0.49', '3.88', '0.55', '3.31', '2.38', '0', '0', '20.3', '30.9', '79.2', '21.3', '12.4', '38.5', '7.1', '3.4', '23.7', '17.3', '4.9', '23.2', '9.9', '12.3', '9.5', '7', '2.8', '22.3', '7.7', '3.1', '7.7', '1.9', '1.4', '1.']"
"['Mest', '-6.300555873', '6.30055587', 'Mest', 'mesoderm specific transcript', '', '10.51', '29.49', '4.59', '4.9', '6.11', '0.92', '2.09', '5.27', '8.98', '0', '25.3', '6.7', '8.2', '4.4', '0.8', '5', '3.7', '4', '2', '6.8', '0', '0', '3.2', '1.8', '2.4', '0.8', '6.1', '1.8', '2.5', '7.5', '5.4', '3.6', '0.4', '8.']"
"['Nsg2', '-3.063516676', '3.06351667', 'Nsg2', 'neuron specific gene family member 2', '5', '1832.57', '3463.21', '3304.68', '2374.9', '3712.11', '2011.85', '3366.45', '3303.26', '2269.48', '3533.93', '3841', '2983.5', '2927', '863.5', '410.2', '421', '525.5', '209.2', '161.9', '2073.5', '1086.7', '851.3', '1915.1', '1249.6', '1050.2', '1528.1', '1008.6', '908.6', '1174.8', '771.1', '638.9', '98.1', '53.2', '45.']"
"['Sema4b', '-2.956601472', '2.95660147', 'Sema4b', 'sema domain. immunoglobulin domain (Ig). transmembrane domain (TM) and short cytoplasmic domain. (semaphorin) 4B', '5', '247.25', '292.58', '329.7', '239.66', '327.77', '264.89', '314.6', '286.83', '292.6', '277.92', '1297', '1128.9', '873.8', '506.1', '447.8', '405.3', '300.3', '316.4', '282.3', '471.2', '369', '314.2', '485.6', '437.8', '341.9', '485.7', '481.7', '344', '444.3', '428.3', '285.6', '236.5', '229.6', '242.']"
"['Cyp51', '-1.807515862', '1.80751586', 'Cyp51', 'cytochrome P450. family 51', '1', '1972.36', '1747.91', '1804.55', '1849.19', '1311.82', '1843.42', '1942.89', '1871.97', '1815.54', '1428.47', '422.4', '240', '270.1', '2369.9', '2773.9', '2591.4', '4411.3', '4618.1', '4780', '2223', '2769.9', '2885', '1665.1', '2111', '1827', '1684.1', '1563', '1710.6', '1756.1', '1449', '1580.5', '6586.6', '6545.3', '5930.']"
"['Klf3', '-2.007359496', '2.00735949', 'Klf3', 'Kruppel-like factor 3 (basic)', '5', '4152.08', '3891.27', '4309.67', '3691.14', '3813.06', '3665.81', '4132.57', '3866.94', '3349.7', '3309.94', '5500.1', '5755.5', '5027.6', '867.7', '532.6', '604.1', '311.9', '427', '276', '1575.7', '998.9', '574.8', '1590.8', '1160.2', '1079.8', '1264.6', '1028.3', '1118.9', '957.4', '890.8', '735.6', '296.1', '123.5', '133.']"
"['Sell', '-4.05663029', '4.0566302', 'Sell', 'selectin. lymphocyte', '4', '9690.64', '32126.51', '22228.4', '11147.65', '28179.74', '10116.45', '32542.72', '22077.46', '10714.24', '28553.97', '15726', '16934.1', '15650.9', '6491.9', '3973.4', '3542.4', '6708.4', '5404.9', '5008.3', '26008.5', '19342.4', '17545.6', '25290.2', '25639.7', '22740.2', '22371.1', '22263.4', '20035.9', '18917.8', '15951.6', '14268.1', '4303.4', '3755.1', '3751.']"
"['Ass1', '-1.781623242', '1.78162324', 'Ass1', 'argininosuccinate synthetase 1', '4', '4138.83', '4349.55', '3398.44', '3582.12', '1864.18', '4757.49', '4474.66', '3495.6', '3611.72', '1619.5', '1088.8', '993.3', '899.6', '1536.5', '1659.4', '1618.9', '1245.4', '1132.5', '1197.7', '2474.1', '1965.5', '1708', '2352.1', '2233.4', '2143.3', '3035.9', '2417', '2682.1', '2960.1', '2542.3', '2762.6', '2005.8', '2132.4', '1776.']"
"['Epcam', '-2.633131212', '2.63313121', 'Epcam', 'epithelial cell adhesion molecule', '1', '24.16', '21.62', '38', '30.42', '40', '21.85', '17.33', '23.48', '23.09', '24.39', '23.8', '53.7', '70.7', '170.3', '97.7', '94.6', '49.3', '28', '30.1', '19.7', '35.1', '11.7', '10.9', '9.3', '9.1', '15.1', '14.2', '3.8', '12.6', '3.8', '10.6', '667.8', '654.4', '531.']"
"['Crip2', '-2.32993968', '2.3299396', 'Crip2', 'cysteine rich protein 2', '1', '265.83', '244.56', '171.08', '276.43', '227.44', '254.67', '189.28', '186.13', '280.87', '178.71', '56.5', '35.4', '66.7', '96.4', '122.6', '161.4', '84.9', '149.5', '120.9', '49.7', '52.5', '59.9', '25.6', '31.6', '30.9', '22.9', '22.5', '27.3', '34.1', '22', '14.5', '60.9', '53.1', '53.']"
"['Klra5', '-2.471667789', '2.47166778', 'Klra5', 'killer cell lectin-like receptor. subfamily A. member 5', '', '0', '0', '0', '0', '0.98', '0', '0', '0', '1.25', '1.15', '5.1', '1.9', '41.5', '11.5', '5', '39.9', '6.2', '1.1', '41.3', '10.1', '4.8', '26.7', '7.9', '1.5', '15.6', '9', '4', '8.7', '10.6', '22.3', '22.6', '15.8', '8.7', '14.']"
"['Dtx4', '-2.678118667', '2.67811866', 'Dtx4', 'deltex 4. E3 ubiquitin ligase', '5', '38.66', '29.19', '37.05', '37.18', '64.16', '27.55', '41.17', '52.06', '18.28', '59.52', '284', '232.5', '230.4', '144.7', '62', '61', '70.2', '26', '27', '115.4', '51.7', '48', '71.4', '53.6', '44.6', '60.3', '51.3', '50.1', '56.2', '50.6', '59.3', '148.4', '121.7', '105.']"
"['Lrig1', '-2.993127348', '2.99312734', 'Lrig1', 'leucine-rich repeats and immunoglobulin-like domains 1', '1', '44.19', '150.51', '66.36', '51.64', '141.78', '86.42', '106.16', '44.46', '34.5', '244.81', '611.3', '729.9', '452.3', '473.9', '655.3', '442.2', '527.2', '688.9', '458.3', '252', '485.8', '254.1', '287.6', '176.2', '257.1', '329.3', '130.4', '143.8', '241.7', '165', '165.6', '605.7', '784.2', '613.']"
"['Trerf1', '-2.393665277', '2.39366527', 'Trerf1', 'transcriptional regulating factor 1', '5', '349.89', '66.98', '153.16', '337.45', '209.45', '341.93', '71.87', '137.73', '422.92', '232.02', '286.1', '306.2', '293.5', '243.1', '198.5', '198.3', '171.5', '129.5', '113.3', '300.7', '373.1', '316.3', '228.1', '234.1', '220.9', '183.6', '186.3', '172.5', '133.6', '154', '145.5', '79', '70.3', '89.']"
"['Ssh2', '-1.570225475', '1.57022547', 'Ssh2', 'slingshot protein phosphatase 2', '5', '3596.75', '4809.93', '4172.02', '3604.34', '5048.66', '3664.93', '4787.99', '4175', '3738.73', '5006.81', '8205.1', '9990.3', '7986', '2398.9', '2161.1', '2018.7', '1724.8', '1594.4', '1434.7', '2989.4', '2659.9', '2513.1', '3246', '3032.6', '3061.7', '3417.5', '3503', '3380.7', '3374.2', '3380.9', '3246.2', '610.4', '715.4', '714.']"
"['Vps37b', '-1.442079605', '1.44207960', 'Vps37b', 'vacuolar protein sorting 37B', '4', '1402.52', '1389.73', '1184.65', '1473.03', '1881.12', '1476.21', '1175.46', '1183.57', '1537.01', '1941.01', '2283.3', '2439.3', '2046.5', '932.4', '814.3', '912.5', '2409.3', '2191.7', '2245', '6392.8', '5491.3', '5222.2', '4641.5', '5206.5', '5134.2', '3742.6', '4400.6', '4346.9', '3245.9', '3747.1', '3659.9', '573.1', '388.9', '461.']"
"['Fads1', '-2.616057699', '2.61605769', 'Fads1', 'fatty acid desaturase 1', '4', '784.45', '678.82', '722.9', '849.15', '644.14', '847.4', '708.5', '672.65', '831.41', '617.63', '307.8', '278.6', '314.2', '651.1', '716.1', '742.5', '885.7', '1123.9', '1099.5', '1035', '1232.6', '1156.8', '1100.2', '1110.1', '1084.2', '1228.2', '1126.6', '1069.2', '1256.2', '1228.2', '1225.6', '802.8', '799', '762.']"
"['Fosl2', '-1.472466845', '1.47246684', 'Fosl2', 'fos-like antigen 2', '1', '250.99', '275.22', '233.72', '299.76', '330.06', '306.51', '254.57', '199.22', '312.81', '212.76', '497.9', '499.2', '518', '547.4', '524.1', '657.4', '1403.3', '1271.6', '1232.5', '498.6', '669.2', '624.1', '211.5', '195.5', '256', '195.6', '187.6', '301.3', '239.4', '245.2', '363.8', '1146.5', '1463.2', '1726.']"
"['Elovl6', '-2.676065008', '2.67606500', 'Elovl6', 'ELOVL family member 6. elongation of long chain fatty acids (yeast)', '4', '850.72', '680.45', '785.29', '918.29', '989.65', '928.41', '746.73', '924.28', '733.1', '867.61', '442.3', '586.1', '687.5', '626.5', '560.2', '689.9', '996.4', '984.6', '1286.5', '1000.9', '932.4', '1125.4', '1051', '1114.3', '814.8', '1261.3', '1188.2', '1286', '1198.6', '1306.2', '1332', '657', '777.1', '881.']"
"['Fam241a', '-1.788349715', '1.78834971', 'Fam241a', 'family with sequence similarity 241. member A', '4', '709.88', '954.92', '922.67', '712.49', '784.64', '782.81', '1107.51', '817.56', '693.26', '879.11', '1053.2', '1141.9', '1134.3', '486.3', '413', '430.5', '533.2', '445.6', '360.6', '1372', '949.2', '879', '1149.4', '951.2', '942.2', '991.7', '901', '872.5', '828', '832.6', '753.4', '232.4', '266.1', '267.']"
"['Rflnb', '-3.208633383', '3.20863338', 'Rflnb', 'refilin B', '5', '314.1', '483.17', '564.26', '361.63', '529.14', '298.3', '462.59', '489.94', '351.23', '545.42', '2713.3', '2692.8', '2385.5', '511.9', '475.5', '476.4', '96.7', '122.6', '143.1', '152', '80', '79.3', '141.7', '96.9', '97.4', '161.1', '134.8', '113.3', '130', '138.4', '131.7', '15.5', '18.5', '18.']"
"['Areg', '-4.452558966', '4.45255896', 'Areg', 'amphiregulin', '', '0', '0', '0', '0', '0', '0', '0', '0', '0', '0', '0', '0', '0', '0', '0.9', '1.8', '0', '0', '1', '0', '0', '0', '0', '0', '0', '0', '0', '0', '0', '0', '0', '2.1', '4.3', '5.']"
"['Socs3', '-1.904355016', '1.90435501', 'Socs3', 'suppressor of cytokine signaling 3', '5', '218.13', '827.91', '413.57', '504.32', '311.92', '265.12', '530.84', '385.42', '310.05', '402.45', '2314.2', '1780.3', '2162.2', '799.9', '485.6', '627.7', '383', '530.4', '392.9', '417', '414.1', '384.5', '427', '654.2', '821.9', '404.8', '684.2', '488.9', '449.5', '487.1', '436.1', '324.3', '695.8', '598.']"
"['P2ry10', '-1.502219992', '1.50221999', 'P2ry10', 'purinergic receptor P2Y. G-protein coupled 10', '4', '1831.73', '1835.19', '1752.79', '1812.71', '1789.01', '1860.9', '2330.1', '2089.11', '1681.52', '1875.13', '1457.3', '1866.1', '1492.9', '1212.7', '1088.8', '1230.5', '2771.2', '2145.2', '2014.3', '4271.1', '3596.1', '3423.2', '3651.7', '3561.7', '3318.9', '2785.1', '3306.2', '2995.6', '2650.6', '2950.1', '2775.4', '894.2', '879.6', '891.']"
"['Tmem50b', '-1.958864523', '1.95886452', 'Tmem50b', 'transmembrane protein 50B', '5', '737.26', '769.35', '686.5', '831.51', '571.56', '724.32', '910.5', '693.01', '710.73', '639.18', '449.9', '378.6', '376.5', '347.5', '240.5', '268.7', '341.4', '286.4', '244.5', '411.6', '320.3', '329.4', '365.5', '315.8', '328.2', '458.3', '354.6', '346.4', '336.3', '335', '338.1', '206.1', '159.9', '170.']"
"['Clec2i', '-2.109872311', '2.10987231', 'Clec2i', 'C-type lectin domain family 2. member i', '4', '398.4', '605.05', '548.3', '438.66', '643.66', '479.12', '507.27', '609.05', '504.79', '653.62', '1322.3', '1379.8', '1349.9', '468', '340.3', '303.7', '494.9', '286.2', '248.1', '1013.4', '629.4', '595.5', '1331.1', '1078.9', '951.4', '1543.3', '1284.6', '1165', '1495.7', '1309.6', '1342.9', '929', '841.4', '829.']"
"['Timp2', '-2.393665277', '2.39366527', 'Timp2', 'tissue inhibitor of metalloproteinase 2', '5', '258.05', '256.02', '224.64', '262.97', '299.39', '294.75', '293.24', '212.26', '333.57', '142.2', '669.8', '417.4', '401.3', '350.5', '251.4', '208.5', '72.9', '45.5', '33.7', '121.2', '93.2', '83.5', '135.6', '64.2', '66.4', '147.5', '67.2', '70', '89', '71.8', '43.3', '34.1', '33.1', '14.']"
"['Itgb1', '-1.410332684', '1.41033268', 'Itgb1', 'integrin beta 1 (fibronectin receptor beta)', '1', '12060.09', '8856.43', '9009.37', '12354.41', '9047', '11969.25', '10071.23', '9010.74', '12650.72', '9519.12', '2299', '3238.7', '3409.2', '3354.5', '4654.7', '5201.4', '4133.5', '4463.9', '5294.1', '3495.3', '3358.9', '4224.2', '4553.9', '4652.9', '5769.4', '6121', '6709.8', '7153.1', '7702.6', '8118.8', '8614.3', '8469.3', '7875.5', '8287.']"
"['Nr3c1', '-1.434079546', '1.43407954', 'Nr3c1', 'nuclear receptor subfamily 3. group C. member 1', '4', '1650', '1938.22', '1633.04', '1873.58', '1912.73', '1810.43', '2349.39', '1779.64', '2032.45', '1645.68', '2309.4', '2506.1', '2338.3', '1229.3', '1271.1', '1363.5', '1415.7', '1162.2', '1165.4', '1783.1', '1807.9', '1679.5', '2126.4', '2161.1', '2027.6', '2296.8', '2072.2', '2234.3', '2190.6', '2288.2', '2539.3', '895.5', '861.9', '942.']"
"['Kif1b', '-1.685005052', '1.68500505', 'Kif1b', 'kinesin family member 1B', '5', '788.1', '1184.7', '1065.25', '730.42', '792.48', '1059.67', '1325.67', '979.2', '889.1', '995.13', '2991.3', '2228.3', '2865.3', '1748.7', '1197.8', '1166.4', '1062.3', '979.7', '857.9', '713.9', '756.2', '629', '681.3', '638.3', '682.1', '580.7', '613.6', '662.4', '538.5', '567', '601.6', '527.8', '642.5', '691.']"
"['Abl1', '-1.986240962', '1.98624096', 'Abl1', 'c-abl oncogene 1. non-receptor tyrosine kinase', '4', '934.56', '1072.64', '1014.34', '1148.06', '1192', '1360.03', '999.39', '1115.71', '1206.13', '1572.56', '1414.2', '1322.9', '1200.4', '1473.8', '1403.1', '1267.7', '1106.4', '1165.6', '931.7', '1388', '1514.5', '1310.9', '1333', '1494.9', '1423.5', '1568.9', '1465.7', '1266.9', '1317.4', '1379.6', '1314.7', '908.5', '684.7', '719.']"
"['Chek1', '-1.978627778', '1.97862777', 'Chek1', 'checkpoint kinase 1', '2', '1093.16', '766.63', '863.38', '1189.43', '800.61', '1117.65', '713.81', '1077.65', '1081.91', '641.54', '22.6', '49.7', '92.4', '986.8', '1136.5', '890.9', '922.2', '1052.2', '983', '603.5', '928', '822.2', '597.8', '602.7', '630.3', '560.1', '569.2', '560.1', '653.9', '613', '721.6', '596.9', '791.9', '757.']"
"['Ctsl', '-2.393665277', '2.39366527', 'Ctsl', 'cathepsin L', '5', '112.75', '111.34', '103.54', '88.72', '112.5', '98.8', '134.33', '97.99', '68.32', '104.4', '180.7', '205.1', '154.5', '46.7', '68.6', '72.5', '127.1', '143.3', '112', '152', '191.3', '151.7', '90.2', '124.7', '82.2', '71.6', '117.7', '75.6', '68.8', '87.8', '71.5', '63.9', '60.9', '54.']"
"['Sntb1', '-1.836447767', '1.83644776', 'Sntb1', 'syntrophin. basic 1', '4', '202.42', '476.8', '428.99', '276.22', '479.43', '190.26', '490.82', '415.03', '332.54', '439.68', '490.8', '408.7', '357.3', '326.2', '200.7', '186.3', '119', '64.2', '67.1', '488.5', '355.2', '333.7', '525.2', '488.9', '486.5', '452.9', '538.4', '566.7', '409.5', '414.3', '359.7', '43.4', '52.2', '44.']"
"['Klhdc2', '-1.600116155', '1.60011615', 'Klhdc2', 'kelch domain containing 2', '3', '926.48', '832.22', '803.62', '940.98', '942.98', '933.86', '864.28', '830.26', '952.48', '927.9', '584.1', '653.6', '805.1', '507.2', '624', '601.9', '706.7', '752.8', '831.1', '502.8', '565.2', '569.8', '419.4', '478.7', '493.1', '399.1', '440.3', '412', '390.1', '446', '479.6', '256', '392.5', '392.']"
"['Elovl5', '-1.391605755', '1.39160575', 'Elovl5', 'ELOVL family member 5. elongation of long chain fatty acids (yeast)', '4', '3503.27', '4211.96', '4320.79', '3700.78', '4181.61', '3285.24', '3850.52', '3956.33', '3818.12', '4222.73', '3080.6', '2815.8', '2730', '1562.2', '1680.3', '1461.3', '2210.6', '1942.4', '1679.3', '2994.8', '2625.4', '2539.1', '2984.9', '3002', '2610.5', '3037.1', '3307.1', '2557.1', '3336.6', '3276.1', '2886.5', '1473.9', '1373.1', '1597.']"
"['Mvk', '-2.16100452', '2.1610045', 'Mvk', 'mevalonate kinase', '3', '241.77', '318.9', '316.45', '218.95', '255.68', '336.29', '354.96', '212.02', '266.14', '273.71', '183.3', '79.5', '72.4', '223', '267.7', '197.3', '287.7', '321', '289.9', '382.4', '433.7', '492.7', '307', '347.3', '284.3', '380.5', '349.3', '387.4', '290.3', '309.7', '277.3', '140.5', '109.3', '92.']"
"['Ovol2', '-2.2499298', '2.249929', 'Ovol2', 'ovo like zinc finger 2', '', '2.1', '5.63', '0', '1.47', '2.17', '0.82', '2.82', '1.77', '6.68', '5.92', '0', '0', '0', '0', '0', '0', '0', '0', '0', '0', '0', '0', '0', '0', '0', '0', '0', '0.7', '0', '0.7', '0.6', '0', '0', '']"
"['1700025G04Rik', '-1.841124254', '1.84112425', '1700025G04Rik', 'RIKEN cDNA 1700025G04 gene', '4', '947.32', '901.24', '1081.84', '1177.74', '1102.03', '1121.4', '1062.28', '1125.18', '1112.91', '1129.54', '238.7', '322.8', '509.9', '328.4', '289.4', '340.8', '499.5', '449', '431.8', '868', '818.1', '720.8', '1002.7', '645.8', '624.6', '1577.5', '990.3', '940.7', '2102.8', '1359.5', '1456.8', '272.4', '161.1', '249.']"
"['Tspyl4', '-2.16100452', '2.1610045', 'Tspyl4', 'TSPY-like 4', '4', '385.78', '430.21', '405.62', '407.25', '509.98', '365.75', '444.17', '448.1', '433.99', '520.06', '406.5', '364.2', '425.5', '181.3', '132.5', '123.7', '256', '174.5', '173.2', '402.5', '331.8', '364.1', '500.6', '396.8', '397.6', '469.1', '486.9', '456.2', '421.8', '433.3', '390.1', '68', '97.8', '88.']"
"['Neurl3', '-1.281754675', '1.28175467', 'Neurl3', 'neuralized E3 ubiquitin protein ligase 3', '4', '980.19', '1611.32', '1482.41', '1026.59', '1804.43', '951.2', '1602.49', '1530.27', '1192.67', '1773.58', '1829.2', '1668.6', '1743.6', '727.1', '397', '442.8', '689.9', '385.1', '357', '2297.5', '1612.5', '1640.7', '2223.7', '1928.6', '1983.9', '2059.4', '2102', '2391.5', '2094', '2310.5', '2323.1', '500', '400.3', '482.']"
"['Gpr55', '-1.93537458', '1.9353745', 'Gpr55', 'G protein-coupled receptor 55', '4', '1131.57', '628.02', '1181.72', '1254.71', '1016.62', '1193.2', '622.92', '1123.81', '1285.6', '1016.69', '111.7', '109.7', '121.8', '141', '127.8', '106.1', '97.7', '54', '64.3', '346.2', '235.2', '217.3', '363.8', '296.8', '243.4', '356', '328.4', '306', '410.1', '364.5', '332.4', '67', '75', '117.']"
"['Cd55', '-2.032783548', '2.03278354', 'Cd55', 'CD55 molecule. decay accelerating factor for complement', '5', '487.05', '935.6', '577.72', '529.94', '673.25', '638.31', '819.38', '640.37', '558.85', '700.74', '1874', '1493.9', '1323.1', '380.3', '266.4', '291', '131.8', '85.8', '174.2', '500.3', '310.5', '309.1', '614.3', '520.1', '483.2', '676.1', '664.1', '706.3', '673.1', '733.4', '673.7', '69.7', '74.9', '65.']"
"['Crim1', '-1.63759086', '1.6375908', 'Crim1', 'cysteine rich transmembrane BMP regulator 1 (chordin like)', '1', '330.21', '765.3', '624.11', '315.16', '558.31', '285.95', '724.75', '577.73', '323.32', '524.93', '1225.3', '1201', '1184.9', '1491', '1388', '1389.5', '1894.7', '2441', '2397.1', '850.1', '913.5', '879.8', '872.3', '712.2', '689.7', '779.9', '716.6', '642.3', '957.6', '719.6', '653.4', '4858', '4643.8', '4373.']"
"['Tmem245', '-1.782707568', '1.78270756', 'Tmem245', 'transmembrane protein 245', '1', '1047.39', '887.96', '1179.31', '1193.05', '1128.54', '1109.62', '1187.42', '1089.72', '1032.28', '1050.8', '1680.4', '1652.8', '1354.8', '1445.1', '1526.9', '1406.4', '1443.4', '1364', '1404.6', '834', '895.7', '879.5', '760.1', '756.9', '804', '785.9', '684.3', '704.8', '931.6', '817.2', '945.2', '2346.1', '2140.1', '1954.']"
"['Rnf141', '-2.007774124', '2.00777412', 'Rnf141', 'ring finger protein 141', '4', '228.36', '194.05', '266.03', '377.41', '270.39', '315.06', '156.39', '254.4', '271.3', '233.65', '434.3', '380.9', '450.8', '198.8', '335.6', '305.5', '199.3', '268.2', '270.4', '244.2', '353.9', '362.4', '313.9', '256', '452.2', '520.1', '436.6', '648.5', '513.6', '441.2', '450.2', '269.5', '207.5', '275.']"
"['Tmem131l', '-1.656699683', '1.65669968', 'Tmem131l', 'transmembrane 131 like', '1', '2993.32', '2764.17', '2517.22', '2853.39', '2740.16', '2623.8', '3117.37', '3127.37', '2859.07', '2984.81', '1830.5', '2270', '2184.4', '2501.7', '2544.7', '2540.7', '1880.8', '1797.8', '1948.1', '2202.5', '2167.8', '1691.2', '2299.9', '2108', '1863.2', '2388.2', '2079.1', '1954.9', '1871.4', '1681.7', '1866.2', '5671', '4520', '4724.']"
"['Smad3', '-1.841124254', '1.84112425', 'Smad3', 'SMAD family member 3', '5', '3127.06', '3162.81', '3253.9', '3793.36', '4078.59', '3118.48', '3214.71', '3188.5', '3621.84', '4062.94', '1230.4', '1373.7', '1411.1', '701.7', '752.8', '674.7', '598.6', '513.1', '549.2', '1211.2', '922.7', '1046', '1185.1', '889.1', '962.8', '1166', '1009.3', '1139.8', '1373.8', '1081', '1066.1', '1615', '1303.2', '1250.']"
"['Lats2', '-1.685005052', '1.68500505', 'Lats2', 'large tumor suppressor 2', '5', '388.92', '1534.81', '895.41', '1156.73', '697.17', '1028.2', '1708.46', '792.66', '704.61', '862.61', '1370.7', '1105.4', '1296.9', '287.5', '227', '238.6', '173.2', '119.1', '138.6', '451.6', '242.8', '220.5', '720', '372.8', '437.1', '460.2', '636.7', '329.2', '504.6', '513.4', '383.6', '104.3', '133', '249.']"
"['Jmy', '-1.419351921', '1.41935192', 'Jmy', 'junction-mediating and regulatory protein', '5', '279.47', '419.4', '325.83', '304.17', '389.98', '339.15', '409.5', '380.73', '308.89', '379.55', '751.1', '906', '886.4', '521.1', '514', '470.2', '496', '548.4', '463.7', '565.8', '664.6', '619.5', '455', '479.3', '483.8', '435.1', '440.4', '443', '458.7', '508.6', '487.6', '674', '624', '624.']"
"['Ube2j1', '-1.287151621', '1.28715162', 'Ube2j1', 'ubiquitin-conjugating enzyme E2J 1', '3', '4128.62', '3928.43', '4044.5', '3811.49', '3804.03', '3473.83', '3849.63', '3805.42', '3619.57', '3636.33', '1304.2', '1424.9', '1548.1', '1472.9', '1560.6', '1953.5', '1656.2', '1483.6', '1849.8', '1337', '1333.8', '1344.1', '1341.4', '1332.4', '1432.8', '1490.2', '1380.8', '1516.8', '1588.9', '1648.4', '1590.1', '1581.8', '1611.3', '1580.']"
"['Pja1', '-1.36386673', '1.3638667', 'Pja1', 'praja ring finger ubiquitin ligase 1', '5', '580.03', '594.72', '550.1', '626.74', '618.56', '628.98', '557.94', '605.98', '608.43', '548.65', '870.2', '852.5', '725.2', '478.8', '527.8', '556.4', '486.6', '456.2', '520.1', '348.1', '287.5', '316.3', '281.3', '251.1', '259.2', '274.2', '233.4', '297.8', '344.1', '315.6', '322.9', '288.2', '267.5', '325.']"
